{
  "metadata": {
    "game_id": "c58a1569-1d93-41e3-a5cd-2a576728d662",
    "mode": "SinglePlayer",
    "created_at": "2025-06-21T02:00:09.119056600Z",
    "last_move_at": "2025-06-21T02:00:55.954124400Z",
    "status": "WhiteWins",
    "total_moves": 35,
    "player_color": "white",
    "player_name": null,
    "engine_version": "1.0.0"
  },
  "board": "4k3/1b2Q3/1rp5/p5B1/3P4/4P3/PPP2PPP/RN2K1NR b KQ - 0 1",
  "move_history": [
    "d2d4",
    "b7b5",
    "c1f4",
    "a7a5",
    "e2e3",
    "b8c6",
    "f1b5",
    "a8a7",
    "b5c6",
    "d7c6",
    "f4c7",
    "h7h6",
    "c7d8",
    "c8h3",
    "d8e7",
    "h3c8",
    "e7f8",
    "f7f6",
    "f8g7",
    "a7a8",
    "g7h8",
    "e8e7",
    "h8f6",
    "e7f7",
    "d1f3",
    "c8b7",
    "f6g5",
    "f7e8",
    "g5h6",
    "a8a6",
    "h6g5",
    "g8f6",
    "f3f6",
    "a6b6",
    "f6e7"
  ],
  "analysis": null
}